orange,, title 1
ford, question 2, title 2
eagle, question 1, title 1
Oxygen, question 2, title 2
jeans, question 1, title 1
bulls, question 2, title 2
Green, question 1, title 1
zurich, question 2, title 2
test 8, question 1, title 1
test 9, question 2, title 2
test 10, question 1, title 1
test 12, question 2, title 2
test 13, question 1, title 1
test 14, question 2, title 2
test 15, question 1, title 1
test 16, question 2, title 2
test 17, question 1, title 1
test 18, question 2, title 2
r√©ponse, question, title